{
    "keypoints_3d": {
        "0": [
            0.20135350644679537,
            -0.5595697067079513,
            1.221
        ],
        "1": [
            0.2506972938315623,
            -0.6018046132313732,
            1.239
        ],
        "2": [
            0.16170469324617723,
            -0.6081624769664226,
            1.235
        ],
        "3": [
            0.3196978515894799,
            -0.5613184594413559,
            1.262
        ],
        "4": [
            0.10723574394220166,
            -0.5856412024113907,
            1.287
        ],
        "5": [
            0.43695860862856717,
            -0.2754822442719043,
            1.291
        ],
        "6": [
            -0.027667628408122327,
            -0.2959226228175115,
            1.248
        ],
        "7": [
            0.5983444207267012,
            0.03603820641734368,
            1.289
        ],
        "8": [
            -0.22361098730970416,
            -0.003168398583190577,
            1.206
        ],
        "9": [
            0.7457958553895315,
            -0.18782169469791152,
            1.208
        ],
        "10": [
            -0.3225436732268381,
            -0.26988252679974667,
            1.122
        ],
        "11": [
            0.28168731674133846,
            0.4636359456733364,
            1.143
        ],
        "12": [
            0.0019627866002570327,
            0.4367639615407673,
            1.124
        ],
        "13": null,
        "14": null,
        "15": null,
        "16": null,
        "17": [
            0.20951016344392065,
            -0.42232707549800746,
            1.27
        ],
        "18": [
            0.21693536002752303,
            -0.7386908641598838,
            1.239
        ],
        "19": null,
        "20": null,
        "21": null,
        "22": null,
        "23": null,
        "24": null,
        "25": [
            0.724145668644883,
            -0.22055888907133303,
            1.206
        ],
        "26": [
            0.6917000930465314,
            -0.2560953296896625,
            1.2
        ],
        "27": [
            0.6509610377424879,
            -0.285036358518449,
            1.185
        ],
        "28": null,
        "29": [
            0.7394254963133245,
            -0.31360207360840703,
            1.185
        ],
        "30": [
            0.7396978255260258,
            -0.3718155567544745,
            1.179
        ],
        "31": [
            0.7385933527766702,
            -0.40343215813218863,
            1.177
        ],
        "32": [
            0.7386424354734035,
            -0.42731395776156633,
            1.177
        ],
        "33": [
            0.761036415858048,
            -0.3139086111045953,
            1.187
        ],
        "34": [
            0.7760275386455866,
            -0.373707747882996,
            1.185
        ],
        "35": [
            0.7762251647861884,
            -0.407940348572635,
            1.179
        ],
        "36": [
            0.7893617972315399,
            -0.4407110230166364,
            1.181
        ],
        "37": [
            0.7827159552646874,
            -0.2943439646162548,
            1.189
        ],
        "38": [
            0.8146160071309613,
            -0.34859967577063117,
            1.195
        ],
        "39": [
            0.8148024285926518,
            -0.37924265336387974,
            1.189
        ],
        "40": [
            0.8108124056828756,
            -0.4073434355281369,
            1.177
        ],
        "41": [
            0.8122865911347766,
            -0.2823572595841837,
            1.191
        ],
        "42": [
            0.8215126889926215,
            -0.30977538515269276,
            1.187
        ],
        "43": [
            0.835143901542696,
            -0.32264352753212977,
            1.189
        ],
        "44": [
            0.8461062372451975,
            -0.3520117858939374,
            1.193
        ],
        "45": [
            -0.29290945034781685,
            -0.29389686691218436,
            1.111
        ],
        "46": [
            -0.2621163941732542,
            -0.32727262633607784,
            1.109
        ],
        "47": [
            -0.23624844726972286,
            -0.3583809590829835,
            1.112
        ],
        "48": null,
        "49": [
            -0.30126682461119847,
            -0.39306289372105335,
            1.114
        ],
        "50": [
            -0.30237479768243763,
            -0.45137357061501937,
            1.118
        ],
        "51": [
            -0.3006853750140091,
            -0.4793614140987649,
            1.112
        ],
        "52": [
            -0.30147587436372597,
            -0.5105630816385573,
            1.114
        ],
        "53": [
            -0.33016306339413937,
            -0.3913070798766677,
            1.109
        ],
        "54": [
            -0.3496207506796045,
            -0.44894066837121654,
            1.111
        ],
        "55": [
            -0.3575114822546973,
            -0.4907405471761551,
            1.112
        ],
        "56": null,
        "57": [
            -0.3631586300005995,
            -0.3869636883957684,
            1.118
        ],
        "58": [
            -0.4035505305216079,
            -0.4636647947893942,
            1.158
        ],
        "59": [
            -0.39164714253321137,
            -0.47567222391634684,
            1.112
        ],
        "60": null,
        "61": [
            -0.3973903210756909,
            -0.3677587019357328,
            1.129
        ],
        "62": [
            -0.4218067759767931,
            -0.4148381224930216,
            1.122
        ],
        "63": [
            -0.4394983202103842,
            -0.4480380286645868,
            1.148
        ],
        "64": null,
        "65": [
            0.11093940507559714,
            -0.6080056096372227,
            1.279
        ],
        "66": [
            0.11105274461203252,
            -0.5817175042157637,
            1.279
        ],
        "67": [
            0.11487546621003497,
            -0.5449754409284845,
            1.274
        ],
        "68": null,
        "69": null,
        "70": null,
        "71": [
            0.19405136064262063,
            -0.44806865478694435,
            1.282
        ],
        "72": [
            0.19834497587827324,
            -0.44805161397939425,
            1.282
        ],
        "73": [
            0.20860948866109427,
            -0.43780066800632816,
            1.265
        ],
        "74": [
            0.21639886467594002,
            -0.4359500363585185,
            1.26
        ],
        "75": [
            0.22753339119420138,
            -0.4327027515188478,
            1.251
        ],
        "76": [
            0.2276540311041262,
            -0.43722903051769835,
            1.251
        ],
        "77": null,
        "78": [
            0.29146276183997566,
            -0.492537864464826,
            1.251
        ],
        "79": [
            0.30469128359905034,
            -0.5188370137536846,
            1.253
        ],
        "80": [
            0.31019249945918337,
            -0.5509767795474863,
            1.258
        ],
        "81": [
            0.3096653843447256,
            -0.5837341814381292,
            1.255
        ],
        "82": [
            0.1369433119873644,
            -0.6269550741635587,
            1.239
        ],
        "83": [
            0.1413738593980906,
            -0.6312280335905797,
            1.239
        ],